Playlist Id,Channel Id,Time Created,Time Updated,Title,Description,Visibility
LLBe1-_sgfWaCLtC694iGKOw,UCBe1-_sgfWaCLtC694iGKOw,2018-07-08 15:36:57 UTC,2022-01-27 02:44:30 UTC,Liked videos,,Private

Video Id,Time Added
Oak5ze_gIEA,2022-01-25 19:36:09 UTC
GbtP4aNrALY,2022-01-07 04:36:53 UTC
EpNVBRNLxww,2021-12-24 14:02:35 UTC
IkqiuhoQfkE,2021-12-24 13:21:14 UTC
dbp_RoOuGzw,2021-12-18 11:10:14 UTC
vI6FYuy1VzY,2021-12-16 08:51:15 UTC
XkXu_Uvk5fA,2021-12-16 07:04:46 UTC
vwC1YAAwR6o,2021-12-13 02:34:15 UTC
0CzfJvvWq10,2021-12-08 15:02:28 UTC
DvbkOyrtWZY,2021-12-08 12:11:39 UTC
CHW1fI2eNwo,2021-12-08 06:14:55 UTC
RkWLxvbi0sU,2021-11-26 19:18:03 UTC
cxTxrKrYkcY,2021-11-25 04:05:19 UTC
l5cbauj2aos,2021-11-13 02:57:53 UTC
cV2gBU6hKfY,2021-11-03 18:19:16 UTC
MnS6NUPsTBo,2021-11-03 17:45:26 UTC
bpVZ8QFF0Zc,2021-11-02 10:08:33 UTC
c60TtMRYGjk,2021-10-21 09:41:26 UTC
uMsh-0nIjzc,2021-10-17 14:50:12 UTC
Oa_hgaGZ088,2021-10-14 13:37:30 UTC
I8PR2rrHtEg,2021-10-11 16:29:30 UTC
rvusw3YXY-w,2021-09-09 18:38:27 UTC
mvrW4aKwAXw,2021-08-31 12:45:20 UTC
Q4yZwg8p4nw,2021-08-27 14:14:40 UTC
ydPqFAEgHzs,2021-08-26 04:28:02 UTC
89kQ3wm9jUY,2021-08-20 19:50:15 UTC
m8FspqbeXDQ,2021-08-20 11:24:01 UTC
tDC2vISCHHA,2021-07-22 18:18:59 UTC
5RCsr1Y8UZA,2021-07-20 05:28:49 UTC
 -VS4FN4J59o,2021-07-14 10:12:41 UTC
FS8CroiGeDU,2021-07-09 07:29:22 UTC
9jaCBb88ANk,2021-07-02 04:09:46 UTC
bO7PgQ-DtZk,2021-06-16 10:15:44 UTC
lt_bDfnXKGM,2021-06-13 02:24:31 UTC
Hhnhkwc5DJY,2021-05-31 06:08:15 UTC
KiF3kcIT2hU,2021-05-31 06:00:05 UTC
S4KoeRXNer8,2021-05-22 17:11:08 UTC
qAwooBIyFI4,2021-05-19 08:29:44 UTC
smdwIlMb6EE,2021-05-19 06:43:44 UTC
zyhSBzs41OE,2021-05-14 19:56:38 UTC
sobaJ004Koc,2021-05-14 14:03:10 UTC
wY8VnSaCil8,2021-05-14 05:13:34 UTC
FnjBv2Ku0dk,2021-05-14 05:11:07 UTC
Cm2X0kVZLlY,2021-05-13 16:27:50 UTC
tWOl6qPkq1E,2021-05-13 07:07:12 UTC
ctg4K4f110I,2021-05-12 16:41:32 UTC
 -armjoST044,2021-05-10 13:13:27 UTC
KNkgHkqiOGY,2021-05-10 07:37:36 UTC
qUsEXPuhgXg,2021-05-09 12:52:40 UTC
GG24HAXX3w0,2021-05-09 02:12:22 UTC
TN9cJZWOqNY,2021-05-08 15:04:20 UTC
MC8QmbYMs-I,2021-05-08 15:03:18 UTC
m2rAUJIfNGY,2021-05-02 07:57:24 UTC
G79xBFZbkhA,2021-04-20 13:57:08 UTC
phRfHcktBxQ,2021-03-28 13:47:19 UTC
uCqr-hZgjGI,2021-03-27 08:52:58 UTC
iXZXFWgBiuA,2021-03-26 17:35:14 UTC
owqo2pNhy0w,2021-03-25 18:03:31 UTC
2m1odFFO_Xo,2021-03-25 17:16:40 UTC
 -hoEUcYbHg0,2021-03-21 12:49:55 UTC
rhPVAJVApNU,2021-02-18 15:43:50 UTC
RoueR90GbzM,2021-02-12 17:24:56 UTC
bjRYXBAAsW0,2021-02-07 18:27:23 UTC
I3qz0QHa-bM,2021-02-05 18:28:25 UTC
wZV6U8RioAw,2021-02-02 11:26:17 UTC
09G2rRl5Udg,2021-02-02 11:17:13 UTC
EFc8tjKn-dc,2021-01-26 04:02:58 UTC
cx74YpzDrqQ,2021-01-25 19:11:59 UTC
6U1gra256QY,2021-01-24 10:24:19 UTC
KQ8g__Fu0Z8,2021-01-24 06:51:02 UTC
oqLCDHjQxEQ,2021-01-09 16:35:11 UTC
rRYZlEBU7_4,2020-12-15 12:25:23 UTC
tY8SALgOa7Q,2020-12-04 06:34:22 UTC
05dQHIwh50Y,2020-12-03 19:15:20 UTC
lFjexMTrmU8,2020-11-27 12:16:00 UTC
IdoD2147Fik,2020-11-14 19:13:23 UTC
yTbtjmZNVgA,2020-11-06 12:36:41 UTC
5U2GJxm_r8k,2020-11-02 05:44:09 UTC
Y8MRXGn7xl8,2020-10-30 06:30:06 UTC
fY7FnwEmjEs,2020-10-29 16:41:22 UTC
hJ3mTiGYGS8,2020-10-24 05:12:47 UTC
dH-q3QpFvYI,2020-10-23 11:29:32 UTC
R9HiYhX0IUA,2020-10-12 17:12:33 UTC
Av-cF9pCRYw,2020-09-27 15:02:09 UTC
le71yVPh4uk,2020-09-24 11:42:24 UTC
FO9mWvJAugQ,2020-09-22 19:18:39 UTC
Lfw3bUQy8sg,2020-09-20 15:01:01 UTC
sKBlyBYCtqg,2020-09-18 08:51:54 UTC
k5FrVOYeNBw,2020-09-18 07:13:53 UTC
Cnjwz-jUScI,2020-09-17 18:16:07 UTC
TQD8LdnPdfw,2020-08-30 19:17:02 UTC
9-QQRWA8odE,2020-08-28 19:44:00 UTC
fY6diuurwJw,2020-08-28 14:29:07 UTC
WHzaedHFxfg,2020-08-22 11:25:47 UTC
C1UrtWRfuwc,2020-08-22 11:25:14 UTC
hcyldHdc3PU,2020-08-21 13:21:06 UTC
bx_UXdPxcAA,2020-08-16 01:22:51 UTC
vu9Bl4ZMOd0,2020-07-07 02:12:34 UTC
h_uSmUuU_RE,2020-07-02 08:22:43 UTC
8arFX8v5te4,2020-06-15 20:31:19 UTC
3fSRKHZ0d8w,2020-06-10 06:31:11 UTC
WJN63YTawuA,2020-05-21 22:47:35 UTC
kPsmvyC2NHA,2020-05-14 00:33:39 UTC
RSbWv4nd17U,2020-05-03 05:48:47 UTC
of-sMewKF54,2020-03-15 19:17:45 UTC
kyfm_dV3JBk,2020-03-04 05:01:02 UTC
5XCr_ALwkRw,2020-02-29 18:15:15 UTC
tjqZEJ67DzA,2020-02-25 01:27:43 UTC
dC6vZ1JBakM,2020-02-24 14:34:49 UTC
Oj5LILAH7qQ,2020-02-23 21:24:00 UTC
c9Z5so2fBb4,2020-02-17 17:09:32 UTC
5T_A0g_4tiQ,2020-02-06 04:45:56 UTC
4CEjPDXNHcc,2020-02-02 05:34:15 UTC
ptoa9trxxwY,2020-01-26 00:40:43 UTC
ZKvaEpkQv1g,2020-01-19 17:08:59 UTC
KybF1SRnKM4,2020-01-16 17:18:46 UTC
u9S3Y_ujmHI,2020-01-16 17:18:43 UTC
krwx592wV90,2019-12-19 20:15:15 UTC
j6wL0o_kkTs,2019-12-05 07:06:14 UTC
QCxedC1o0Ew,2019-11-22 04:33:59 UTC
BgJm62hERaY,2019-11-17 22:01:27 UTC
alaQt5GA8kA,2019-11-12 04:15:02 UTC
bCcrRPGpeFk,2019-09-29 20:43:45 UTC
DzSqZqjrxo4,2019-09-27 20:27:44 UTC
QM8dgTd-Z7U,2019-09-06 23:03:24 UTC
1HX2WpypVl8,2019-09-05 16:19:10 UTC
DrwP1KYQyJo,2019-08-27 19:28:24 UTC
3XjvJGg7Hq0,2019-08-27 19:28:19 UTC
cHf84OV2UE8,2019-05-27 21:41:02 UTC
kC5Fk1dLo6Y,2019-02-11 23:27:46 UTC
wGyvR5NnKNY,2019-01-28 12:21:45 UTC
QJRpvKCEEfo,2019-01-24 11:35:30 UTC
f-5g65v4uSc,2019-01-17 00:47:11 UTC
TZFf6oQ_efg,2019-01-16 00:55:46 UTC
VjzRHzzvLBI,2019-01-15 21:22:44 UTC
4cK4XzHqKT0,2019-01-14 23:36:43 UTC
sC1q8gXL5xA,2019-01-13 17:49:07 UTC
PBDP6TLP4AM,2019-01-09 22:02:59 UTC
jiSBP4HpIQE,2019-01-08 12:08:04 UTC
W-qzR-yEcOk,2019-01-07 11:21:57 UTC
8gmq3hYxUak,2019-01-04 02:00:14 UTC
Gyq57un_8f8,2019-01-02 21:02:13 UTC
TRj-yWl10Kw,2019-01-01 18:39:42 UTC
2A6ijt9jgeg,2018-12-31 16:57:45 UTC
fdxFVaK6L_M,2018-12-18 21:30:02 UTC
c6IBpAvziq4,2018-12-12 00:59:16 UTC
1XmlK5nm28o,2018-12-11 23:34:07 UTC
VsGRy9gpnNg,2018-12-10 03:27:40 UTC
weJUPT8rKkg,2018-12-09 21:56:39 UTC
_SyHDInh7mc,2018-12-07 17:52:33 UTC
0JI9LmB1FZY,2018-11-30 12:44:20 UTC
rBqpeQ7AHcQ,2018-11-15 20:08:11 UTC
n9RaWyihoOI,2018-11-15 03:30:10 UTC
v1aXcs01Mqg,2018-11-13 21:54:52 UTC
OtnDTYXWs8s,2018-11-12 23:41:19 UTC
p7MsmaacB8Y,2018-11-12 03:58:56 UTC
lDZjClMBTIE,2018-11-11 17:35:53 UTC
M2h76QEP09Y,2018-11-10 14:56:18 UTC
XF1MXOtEsQk,2018-11-09 20:51:06 UTC
8Wn8I9WZDpM,2018-11-08 11:42:11 UTC
gqUepQjV-gc,2018-11-07 02:58:50 UTC
nhMTBzG4PkU,2018-11-06 04:43:18 UTC
KTja_bW7Vns,2018-11-05 11:39:38 UTC
 -hc1z3fPEL4,2018-10-29 10:20:08 UTC
kW9L11tuCpk,2018-10-21 23:24:33 UTC
5ze9YcPlp48,2018-10-21 18:05:24 UTC
spD9Vd8mikQ,2018-10-21 13:19:40 UTC
pTDp67SuyhY,2018-10-21 13:07:57 UTC
3HOgPFlukVA,2018-10-20 18:14:04 UTC
zJq1Hwd0ACU,2018-10-20 15:53:38 UTC
3o-AYXpmT-c,2018-10-20 00:15:24 UTC
ijHdakupWFc,2018-10-20 00:15:18 UTC
qaAL190pfyc,2018-10-14 22:12:48 UTC
l_QQ7-m0YjI,2018-10-08 14:43:56 UTC
B7qsgZN_l5Q,2018-09-22 18:54:13 UTC
PeI4SyJqRLE,2018-09-05 19:44:40 UTC
eB9nPtpHNWA,2018-09-05 00:20:51 UTC
rw9E6wy2kc4,2018-09-02 14:11:59 UTC
MT2MY3r_QDk,2018-09-01 20:18:53 UTC
DsDkEf2hreI,2018-09-01 00:53:11 UTC
UXldtH3uXGs,2018-09-01 00:53:00 UTC
vN-87OG8-3w,2018-08-24 22:59:58 UTC
21tRU0W8wRQ,2018-08-21 16:19:02 UTC
 -PR0duvmd7I,2018-08-08 19:15:54 UTC
RY5OgFOXJDs,2018-07-08 15:36:57 UTC

