Channel Id,Channel Url,Channel Title
UC1wbPFBqb4Juw4d5lCdnvfg,http://www.youtube.com/channel/UC1wbPFBqb4Juw4d5lCdnvfg,ReEvolu
UC31TS8qmO1laOrlkJR85c4Q,http://www.youtube.com/channel/UC31TS8qmO1laOrlkJR85c4Q,Kady Create
UC3IxUjoGDzPSw_jt7jA9NMQ,http://www.youtube.com/channel/UC3IxUjoGDzPSw_jt7jA9NMQ,iMostafaExploitz
UC3wJvju3lMYLNetb4tjBebg,http://www.youtube.com/channel/UC3wJvju3lMYLNetb4tjBebg,nailea devora
UC4G10tk3AHFuyMIuD3rHOBA,http://www.youtube.com/channel/UC4G10tk3AHFuyMIuD3rHOBA,RDCworld1
UC96xDb3MagtoJUVB7Bb7xYQ,http://www.youtube.com/channel/UC96xDb3MagtoJUVB7Bb7xYQ,Crxwn
UCA8VUdED3_-blWQjH7TsPhg,http://www.youtube.com/channel/UCA8VUdED3_-blWQjH7TsPhg,Favorite Videos
UCBkYQR5xz6LhPZf06yUia8A,http://www.youtube.com/channel/UCBkYQR5xz6LhPZf06yUia8A,Tesseract
UCCgG_eJBebWleXp5BoKs1CQ,http://www.youtube.com/channel/UCCgG_eJBebWleXp5BoKs1CQ,Vadez
UCD0qmJrq-aT3Hv4SlGKdQTw,http://www.youtube.com/channel/UCD0qmJrq-aT3Hv4SlGKdQTw,Reinekai Co
UCDCGEf2E75t64z0PfLLH8mA,http://www.youtube.com/channel/UCDCGEf2E75t64z0PfLLH8mA,Infernasu
UCI1XS_GkLGDOgf8YLaaXNRA,http://www.youtube.com/channel/UCI1XS_GkLGDOgf8YLaaXNRA,CalebCity
UCKOIYfm-_qeuzvvjEkVBHJg,http://www.youtube.com/channel/UCKOIYfm-_qeuzvvjEkVBHJg,Cheizean
UCLaduTRRWdzU8kq9AoqTRlw,http://www.youtube.com/channel/UCLaduTRRWdzU8kq9AoqTRlw,RellGames
UCMWpIGFKPF5ERhGwFukEzrQ,http://www.youtube.com/channel/UCMWpIGFKPF5ERhGwFukEzrQ,Infernasu Live
UCPN_fcHbR28eDhFHlAbK97A,http://www.youtube.com/channel/UCPN_fcHbR28eDhFHlAbK97A,Roblox Scriptz
UCS2smVWjNGuRzD6HVWmlWwQ,http://www.youtube.com/channel/UCS2smVWjNGuRzD6HVWmlWwQ,TheDevKing
UCS3lgGb0g6JPgT7dJcAx8Jw,http://www.youtube.com/channel/UCS3lgGb0g6JPgT7dJcAx8Jw,RiserrDawn
UCVcgjkZV9Xdmz2higc93IqQ,http://www.youtube.com/channel/UCVcgjkZV9Xdmz2higc93IqQ,Mr Jack
UCVgoMj5Dio-WD3_sq6lb8lw,http://www.youtube.com/channel/UCVgoMj5Dio-WD3_sq6lb8lw,OjiMax
UCWjdD9qBslTWEerszFsmSGg,http://www.youtube.com/channel/UCWjdD9qBslTWEerszFsmSGg,Kasparas ltu gaming
UCWwhX29oeanI5gnLAPfl4VQ,http://www.youtube.com/channel/UCWwhX29oeanI5gnLAPfl4VQ,Raikari
UCZuuX733ImhEE-ujmWPoZZA,http://www.youtube.com/channel/UCZuuX733ImhEE-ujmWPoZZA,Graenolf
UCmh5gdwCx6lN7gEC20leNVA,http://www.youtube.com/channel/UCmh5gdwCx6lN7gEC20leNVA,David Dobrik
UCp0hYYBW6IMayGgR-WeoCvQ,http://www.youtube.com/channel/UCp0hYYBW6IMayGgR-WeoCvQ,TheEllenShow
UCrVoincYKeb8a4tzkythsRg,http://www.youtube.com/channel/UCrVoincYKeb8a4tzkythsRg,NUMB ACE
UCuiaYgVDzt5kQcT6eznrqNQ,http://www.youtube.com/channel/UCuiaYgVDzt5kQcT6eznrqNQ,NBGM Dragon
UCyNI0R5I3GoiPG7Nb9UAb9Q,http://www.youtube.com/channel/UCyNI0R5I3GoiPG7Nb9UAb9Q,Phoeating

